<?xml version="1.0" encoding="UTF-8"?>
<GenRun Id="impl_1" LaunchPart="xc7k325tffg676-2L" LaunchTime="1728700751">
  <File Type="ROUTE-PWR" Name="top_power_routed.rpt"/>
  <File Type="PA-TCL" Name="top.tcl"/>
  <File Type="ROUTE-PWR-SUM" Name="top_power_summary_routed.pb"/>
  <File Type="REPORTS-TCL" Name="top_reports.tcl"/>
  <File Type="OPT-RQA-PB" Name="top_rqa_opted.pb"/>
  <File Type="BITSTR-MMI" Name="top.mmi"/>
  <File Type="OPT-METHODOLOGY-DRC" Name="top_methodology_drc_opted.rpt"/>
  <File Type="INIT-TIMING" Name="top_timing_summary_init.rpt"/>
  <File Type="OPT-TIMING" Name="top_timing_summary_opted.rpt"/>
  <File Type="OPT-DCP" Name="top_opt.dcp"/>
  <File Type="OPT-DRC" Name="top_drc_opted.rpt"/>
  <File Type="OPT-HWDEF" Name="top.hwdef"/>
  <File Type="PWROPT-DCP" Name="top_pwropt.dcp"/>
  <File Type="PWROPT-DRC" Name="top_drc_pwropted.rpt"/>
  <File Type="PWROPT-TIMING" Name="top_timing_summary_pwropted.rpt"/>
  <File Type="PLACE-DCP" Name="top_placed.dcp"/>
  <File Type="PLACE-IO" Name="top_io_placed.rpt"/>
  <File Type="PLACE-CLK" Name="top_clock_utilization_placed.rpt"/>
  <File Type="PLACE-UTIL" Name="top_utilization_placed.rpt"/>
  <File Type="PLACE-UTIL-PB" Name="top_utilization_placed.pb"/>
  <File Type="PLACE-CTRL" Name="top_control_sets_placed.rpt"/>
  <File Type="PLACE-SIMILARITY" Name="top_incremental_reuse_placed.rpt"/>
  <File Type="PLACE-PRE-SIMILARITY" Name="top_incremental_reuse_pre_placed.rpt"/>
  <File Type="BG-BIN" Name="top.bin"/>
  <File Type="PLACE-TIMING" Name="top_timing_summary_placed.rpt"/>
  <File Type="ROUTE-PWR-RPX" Name="top_power_routed.rpx"/>
  <File Type="PLACE-RQA-PB" Name="top_rqa_placed.pb"/>
  <File Type="POSTPLACE-PWROPT-DCP" Name="top_postplace_pwropt.dcp"/>
  <File Type="BITSTR-MSK" Name="top.msk"/>
  <File Type="POSTPLACE-PWROPT-TIMING" Name="top_timing_summary_postplace_pwropted.rpt"/>
  <File Type="PHYSOPT-DCP" Name="top_physopt.dcp"/>
  <File Type="PHYSOPT-DRC" Name="top_drc_physopted.rpt"/>
  <File Type="BITSTR-RBT" Name="top.rbt"/>
  <File Type="PHYSOPT-TIMING" Name="top_timing_summary_physopted.rpt"/>
  <File Type="ROUTE-ERROR-DCP" Name="top_routed_error.dcp"/>
  <File Type="ROUTE-DCP" Name="top_routed.dcp"/>
  <File Type="ROUTE-BLACKBOX-DCP" Name="top_routed_bb.dcp"/>
  <File Type="ROUTE-DRC" Name="top_drc_routed.rpt"/>
  <File Type="ROUTE-DRC-PB" Name="top_drc_routed.pb"/>
  <File Type="ROUTE-DRC-RPX" Name="top_drc_routed.rpx"/>
  <File Type="ROUTE-METHODOLOGY-DRC" Name="top_methodology_drc_routed.rpt"/>
  <File Type="ROUTE-METHODOLOGY-DRC-RPX" Name="top_methodology_drc_routed.rpx"/>
  <File Type="ROUTE-METHODOLOGY-DRC-PB" Name="top_methodology_drc_routed.pb"/>
  <File Type="ROUTE-RQS-PB" Name="top_rqs_routed.pb"/>
  <File Type="ROUTE-STATUS" Name="top_route_status.rpt"/>
  <File Type="ROUTE-STATUS-PB" Name="top_route_status.pb"/>
  <File Type="ROUTE-TIMINGSUMMARY" Name="top_timing_summary_routed.rpt"/>
  <File Type="ROUTE-TIMING-PB" Name="top_timing_summary_routed.pb"/>
  <File Type="ROUTE-TIMING-RPX" Name="top_timing_summary_routed.rpx"/>
  <File Type="ROUTE-SIMILARITY" Name="top_incremental_reuse_routed.rpt"/>
  <File Type="ROUTE-CLK" Name="top_clock_utilization_routed.rpt"/>
  <File Type="ROUTE-BUS-SKEW" Name="top_bus_skew_routed.rpt"/>
  <File Type="ROUTE-BUS-SKEW-PB" Name="top_bus_skew_routed.pb"/>
  <File Type="ROUTE-BUS-SKEW-RPX" Name="top_bus_skew_routed.rpx"/>
  <File Type="POSTROUTE-PHYSOPT-DCP" Name="top_postroute_physopt.dcp"/>
  <File Type="POSTROUTE-PHYSOPT-BLACKBOX-DCP" Name="top_postroute_physopt_bb.dcp"/>
  <File Type="POSTROUTE-PHYSOPT-TIMING" Name="top_timing_summary_postroute_physopted.rpt"/>
  <File Type="POSTROUTE-PHYSOPT-TIMING-PB" Name="top_timing_summary_postroute_physopted.pb"/>
  <File Type="POSTROUTE-PHYSOPT-TIMING-RPX" Name="top_timing_summary_postroute_physopted.rpx"/>
  <File Type="POSTROUTE-PHYSOPT-BUS-SKEW" Name="top_bus_skew_postroute_physopted.rpt"/>
  <File Type="BG-BIT" Name="top.bit"/>
  <File Type="POSTROUTE-PHYSOPT-BUS-SKEW-PB" Name="top_bus_skew_postroute_physopted.pb"/>
  <File Type="POSTROUTE-PHYSOPT-BUS-SKEW-RPX" Name="top_bus_skew_postroute_physopted.rpx"/>
  <File Type="BITSTR-NKY" Name="top.nky"/>
  <File Type="BITSTR-BMM" Name="top_bd.bmm"/>
  <File Type="PDI-FILE" Name="top.pdi"/>
  <File Type="BOOT-PDI-FILE" Name="top_boot.pdi"/>
  <File Type="PL-PDI-FILE" Name="top_pld.pdi"/>
  <File Type="RCFI_FILE" Name="top.rcfi"/>
  <File Type="CFI_FILE" Name="top.cfi"/>
  <File Type="RNPI_FILE" Name="top.rnpi"/>
  <File Type="NPI_FILE" Name="top.npi"/>
  <File Type="RBD_FILE" Name="top.rbd"/>
  <File Type="BITSTR-LTX" Name="debug_nets.ltx"/>
  <File Type="BITSTR-LTX" Name="top.ltx"/>
  <File Type="BITSTR-SYSDEF" Name="top.sysdef"/>
  <File Type="BG-BGN" Name="top.bgn"/>
  <File Type="BG-DRC" Name="top.drc"/>
  <File Type="RDI-RDI" Name="top.vdi"/>
  <File Type="WBT-USG" Name="usage_statistics_webtalk.html"/>
  <File Type="ROUTE-RQS" Name="top_routed.rqs"/>
  <File Type="POSTROUTE-PHYSOPT-RQS" Name="top_postroute_physopted.rqs"/>
  <File Type="ROUTE-RQS-RPT" Name="route_report_qor_suggestions_0.rpt"/>
  <File Type="POSTROUTE-PHYSOPT-RQS-RPT" Name="postroute_physopt_report_qor_suggestions_0.rpt"/>
  <FileSet Name="sources" Type="DesignSrcs" RelSrcDir="$PSRCDIR/sources_1" RelGenDir="$PGENDIR/sources_1">
    <Filter Type="Srcs"/>
    <File Path="$PSRCDIR/sources_1/imports/design_sources/core/ALU.v">
      <FileInfo>
        <Attr Name="ImportPath" Val="$PPRDIR/../lab2ref/design_sources/core/ALU.v"/>
        <Attr Name="ImportTime" Val="1726631301"/>
        <Attr Name="UsedIn" Val="synthesis"/>
        <Attr Name="UsedIn" Val="implementation"/>
        <Attr Name="UsedIn" Val="simulation"/>
      </FileInfo>
    </File>
    <File Path="$PSRCDIR/sources_1/imports/auxillary/CPUTEST.v">
      <FileInfo>
        <Attr Name="ImportPath" Val="$PPRDIR/../lab2ref/design_sources/auxillary/CPUTEST.v"/>
        <Attr Name="ImportTime" Val="1628647838"/>
        <Attr Name="UsedIn" Val="synthesis"/>
        <Attr Name="UsedIn" Val="implementation"/>
        <Attr Name="UsedIn" Val="simulation"/>
      </FileInfo>
    </File>
    <File Path="$PSRCDIR/sources_1/imports/design_sources/core/CSRRegs.v">
      <FileInfo>
        <Attr Name="ImportPath" Val="$PPRDIR/../lab2ref/design_sources/core/CSRRegs.v"/>
        <Attr Name="ImportTime" Val="1726996621"/>
        <Attr Name="UsedIn" Val="synthesis"/>
        <Attr Name="UsedIn" Val="implementation"/>
        <Attr Name="UsedIn" Val="simulation"/>
      </FileInfo>
    </File>
    <File Path="$PSRCDIR/sources_1/imports/auxillary/Code2Inst.v">
      <FileInfo>
        <Attr Name="ImportPath" Val="$PPRDIR/../lab2ref/design_sources/auxillary/Code2Inst.v"/>
        <Attr Name="ImportTime" Val="1695700715"/>
        <Attr Name="UsedIn" Val="synthesis"/>
        <Attr Name="UsedIn" Val="implementation"/>
        <Attr Name="UsedIn" Val="simulation"/>
      </FileInfo>
    </File>
    <File Path="$PSRCDIR/sources_1/imports/design_sources/core/CtrlUnit.v">
      <FileInfo>
        <Attr Name="ImportPath" Val="$PPRDIR/../lab2ref/design_sources/core/CtrlUnit.v"/>
        <Attr Name="ImportTime" Val="1726996794"/>
        <Attr Name="UsedIn" Val="synthesis"/>
        <Attr Name="UsedIn" Val="implementation"/>
        <Attr Name="UsedIn" Val="simulation"/>
      </FileInfo>
    </File>
    <File Path="$PSRCDIR/sources_1/imports/design_sources/core/ExceptionUnit.v">
      <FileInfo>
        <Attr Name="ImportPath" Val="$PPRDIR/../lab2ref/design_sources/core/ExceptionUnit.v"/>
        <Attr Name="ImportTime" Val="1726996447"/>
        <Attr Name="UsedIn" Val="synthesis"/>
        <Attr Name="UsedIn" Val="implementation"/>
        <Attr Name="UsedIn" Val="simulation"/>
      </FileInfo>
    </File>
    <File Path="$PSRCDIR/sources_1/imports/auxillary/Font816.v">
      <FileInfo>
        <Attr Name="ImportPath" Val="$PPRDIR/../lab2ref/design_sources/auxillary/Font816.v"/>
        <Attr Name="ImportTime" Val="1630067838"/>
        <Attr Name="UsedIn" Val="synthesis"/>
        <Attr Name="UsedIn" Val="implementation"/>
        <Attr Name="UsedIn" Val="simulation"/>
      </FileInfo>
    </File>
    <File Path="$PSRCDIR/sources_1/imports/design_sources/core/HazardDetectionUnit.v">
      <FileInfo>
        <Attr Name="ImportPath" Val="$PPRDIR/../lab2ref/design_sources/core/HazardDetectionUnit.v"/>
        <Attr Name="ImportTime" Val="1726631301"/>
        <Attr Name="UsedIn" Val="synthesis"/>
        <Attr Name="UsedIn" Val="implementation"/>
        <Attr Name="UsedIn" Val="simulation"/>
      </FileInfo>
    </File>
    <File Path="$PSRCDIR/sources_1/imports/design_sources/core/ImmGen.v">
      <FileInfo>
        <Attr Name="ImportPath" Val="$PPRDIR/../lab2ref/design_sources/core/ImmGen.v"/>
        <Attr Name="ImportTime" Val="1726631301"/>
        <Attr Name="UsedIn" Val="synthesis"/>
        <Attr Name="UsedIn" Val="implementation"/>
        <Attr Name="UsedIn" Val="simulation"/>
      </FileInfo>
    </File>
    <File Path="$PSRCDIR/sources_1/imports/design_sources/common/MUX2T1_32.v">
      <FileInfo>
        <Attr Name="ImportPath" Val="$PPRDIR/../lab2ref/design_sources/common/MUX2T1_32.v"/>
        <Attr Name="ImportTime" Val="1726631301"/>
        <Attr Name="UsedIn" Val="synthesis"/>
        <Attr Name="UsedIn" Val="implementation"/>
        <Attr Name="UsedIn" Val="simulation"/>
      </FileInfo>
    </File>
    <File Path="$PSRCDIR/sources_1/imports/design_sources/common/MUX4T1_32.v">
      <FileInfo>
        <Attr Name="ImportPath" Val="$PPRDIR/../lab2ref/design_sources/common/MUX4T1_32.v"/>
        <Attr Name="ImportTime" Val="1726631301"/>
        <Attr Name="UsedIn" Val="synthesis"/>
        <Attr Name="UsedIn" Val="implementation"/>
        <Attr Name="UsedIn" Val="simulation"/>
      </FileInfo>
    </File>
    <File Path="$PSRCDIR/sources_1/imports/design_sources/core/RAM_B.v">
      <FileInfo>
        <Attr Name="ImportPath" Val="$PPRDIR/../lab2ref/design_sources/core/RAM_B.v"/>
        <Attr Name="ImportTime" Val="1726639641"/>
        <Attr Name="UsedIn" Val="synthesis"/>
        <Attr Name="UsedIn" Val="implementation"/>
        <Attr Name="UsedIn" Val="simulation"/>
      </FileInfo>
    </File>
    <File Path="$PSRCDIR/sources_1/imports/design_sources/common/REG32.v">
      <FileInfo>
        <Attr Name="ImportPath" Val="$PPRDIR/../lab2ref/design_sources/common/REG32.v"/>
        <Attr Name="ImportTime" Val="1726631301"/>
        <Attr Name="UsedIn" Val="synthesis"/>
        <Attr Name="UsedIn" Val="implementation"/>
        <Attr Name="UsedIn" Val="simulation"/>
      </FileInfo>
    </File>
    <File Path="$PSRCDIR/sources_1/imports/design_sources/core/REG_EX_MEM.v">
      <FileInfo>
        <Attr Name="ImportPath" Val="$PPRDIR/../lab2ref/design_sources/core/REG_EX_MEM.v"/>
        <Attr Name="ImportTime" Val="1726631301"/>
        <Attr Name="UsedIn" Val="synthesis"/>
        <Attr Name="UsedIn" Val="implementation"/>
        <Attr Name="UsedIn" Val="simulation"/>
      </FileInfo>
    </File>
    <File Path="$PSRCDIR/sources_1/imports/design_sources/core/REG_ID_EX.v">
      <FileInfo>
        <Attr Name="ImportPath" Val="$PPRDIR/../lab2ref/design_sources/core/REG_ID_EX.v"/>
        <Attr Name="ImportTime" Val="1726631301"/>
        <Attr Name="UsedIn" Val="synthesis"/>
        <Attr Name="UsedIn" Val="implementation"/>
        <Attr Name="UsedIn" Val="simulation"/>
      </FileInfo>
    </File>
    <File Path="$PSRCDIR/sources_1/imports/design_sources/core/REG_IF_ID.v">
      <FileInfo>
        <Attr Name="ImportPath" Val="$PPRDIR/../lab2ref/design_sources/core/REG_IF_ID.v"/>
        <Attr Name="ImportTime" Val="1726631301"/>
        <Attr Name="UsedIn" Val="synthesis"/>
        <Attr Name="UsedIn" Val="implementation"/>
        <Attr Name="UsedIn" Val="simulation"/>
      </FileInfo>
    </File>
    <File Path="$PSRCDIR/sources_1/imports/design_sources/core/REG_MEM_WB.v">
      <FileInfo>
        <Attr Name="ImportPath" Val="$PPRDIR/../lab2ref/design_sources/core/REG_MEM_WB.v"/>
        <Attr Name="ImportTime" Val="1726631301"/>
        <Attr Name="UsedIn" Val="synthesis"/>
        <Attr Name="UsedIn" Val="implementation"/>
        <Attr Name="UsedIn" Val="simulation"/>
      </FileInfo>
    </File>
    <File Path="$PSRCDIR/sources_1/imports/design_sources/core/ROM_D.v">
      <FileInfo>
        <Attr Name="ImportPath" Val="$PPRDIR/../lab2ref/design_sources/core/ROM_D.v"/>
        <Attr Name="ImportTime" Val="1726639641"/>
        <Attr Name="UsedIn" Val="synthesis"/>
        <Attr Name="UsedIn" Val="implementation"/>
        <Attr Name="UsedIn" Val="simulation"/>
      </FileInfo>
    </File>
    <File Path="$PSRCDIR/sources_1/imports/design_sources/core/RV32core.v">
      <FileInfo>
        <Attr Name="ImportPath" Val="$PPRDIR/../lab2ref/design_sources/core/RV32core.v"/>
        <Attr Name="ImportTime" Val="1726633260"/>
        <Attr Name="UsedIn" Val="synthesis"/>
        <Attr Name="UsedIn" Val="implementation"/>
        <Attr Name="UsedIn" Val="simulation"/>
      </FileInfo>
    </File>
    <File Path="$PSRCDIR/sources_1/imports/design_sources/core/Regs.v">
      <FileInfo>
        <Attr Name="ImportPath" Val="$PPRDIR/../lab2ref/design_sources/core/Regs.v"/>
        <Attr Name="ImportTime" Val="1726631301"/>
        <Attr Name="UsedIn" Val="synthesis"/>
        <Attr Name="UsedIn" Val="implementation"/>
        <Attr Name="UsedIn" Val="simulation"/>
      </FileInfo>
    </File>
    <File Path="$PSRCDIR/sources_1/imports/auxillary/VGATEST.v">
      <FileInfo>
        <Attr Name="ImportPath" Val="$PPRDIR/../lab2ref/design_sources/auxillary/VGATEST.v"/>
        <Attr Name="ImportTime" Val="1630069727"/>
        <Attr Name="UsedIn" Val="synthesis"/>
        <Attr Name="UsedIn" Val="implementation"/>
        <Attr Name="UsedIn" Val="simulation"/>
      </FileInfo>
    </File>
    <File Path="$PSRCDIR/sources_1/imports/design_sources/common/add_32.v">
      <FileInfo>
        <Attr Name="ImportPath" Val="$PPRDIR/../lab2ref/design_sources/common/add_32.v"/>
        <Attr Name="ImportTime" Val="1726631301"/>
        <Attr Name="UsedIn" Val="synthesis"/>
        <Attr Name="UsedIn" Val="implementation"/>
        <Attr Name="UsedIn" Val="simulation"/>
      </FileInfo>
    </File>
    <File Path="$PSRCDIR/sources_1/imports/auxillary/function.vh">
      <FileInfo>
        <Attr Name="ImportPath" Val="$PPRDIR/../lab2ref/design_sources/auxillary/function.vh"/>
        <Attr Name="ImportTime" Val="1505915250"/>
        <Attr Name="UsedIn" Val="synthesis"/>
        <Attr Name="UsedIn" Val="simulation"/>
        <Attr Name="IsVisible" Val="1"/>
      </FileInfo>
    </File>
    <File Path="$PSRCDIR/sources_1/imports/auxillary/btn_scan.v">
      <FileInfo>
        <Attr Name="ImportPath" Val="$PPRDIR/../lab2ref/design_sources/auxillary/btn_scan.v"/>
        <Attr Name="ImportTime" Val="1628266824"/>
        <Attr Name="UsedIn" Val="synthesis"/>
        <Attr Name="UsedIn" Val="implementation"/>
        <Attr Name="UsedIn" Val="simulation"/>
      </FileInfo>
    </File>
    <File Path="$PSRCDIR/sources_1/imports/auxillary/clk_diff.v">
      <FileInfo>
        <Attr Name="ImportPath" Val="$PPRDIR/../lab2ref/design_sources/auxillary/clk_diff.v"/>
        <Attr Name="ImportTime" Val="1628263350"/>
        <Attr Name="UsedIn" Val="synthesis"/>
        <Attr Name="UsedIn" Val="implementation"/>
        <Attr Name="UsedIn" Val="simulation"/>
      </FileInfo>
    </File>
    <File Path="$PSRCDIR/sources_1/imports/design_sources/common/cmp_32.v">
      <FileInfo>
        <Attr Name="ImportPath" Val="$PPRDIR/../lab2ref/design_sources/common/cmp_32.v"/>
        <Attr Name="ImportTime" Val="1726631301"/>
        <Attr Name="UsedIn" Val="synthesis"/>
        <Attr Name="UsedIn" Val="implementation"/>
        <Attr Name="UsedIn" Val="simulation"/>
      </FileInfo>
    </File>
    <File Path="$PSRCDIR/sources_1/imports/auxillary/debug_clk.v">
      <FileInfo>
        <Attr Name="ImportPath" Val="$PPRDIR/../lab2ref/design_sources/auxillary/debug_clk.v"/>
        <Attr Name="ImportTime" Val="1628262876"/>
        <Attr Name="UsedIn" Val="synthesis"/>
        <Attr Name="UsedIn" Val="implementation"/>
        <Attr Name="UsedIn" Val="simulation"/>
      </FileInfo>
    </File>
    <File Path="$PSRCDIR/sources_1/imports/auxillary/display.v">
      <FileInfo>
        <Attr Name="ImportPath" Val="$PPRDIR/../lab2ref/design_sources/auxillary/display.v"/>
        <Attr Name="ImportTime" Val="1628266859"/>
        <Attr Name="UsedIn" Val="synthesis"/>
        <Attr Name="UsedIn" Val="implementation"/>
        <Attr Name="UsedIn" Val="simulation"/>
      </FileInfo>
    </File>
    <File Path="$PSRCDIR/sources_1/imports/auxillary/my_clk_gen.v">
      <FileInfo>
        <Attr Name="ImportPath" Val="$PPRDIR/../lab2ref/design_sources/auxillary/my_clk_gen.v"/>
        <Attr Name="ImportTime" Val="1628262896"/>
        <Attr Name="UsedIn" Val="synthesis"/>
        <Attr Name="UsedIn" Val="implementation"/>
        <Attr Name="UsedIn" Val="simulation"/>
      </FileInfo>
    </File>
    <File Path="$PSRCDIR/sources_1/imports/auxillary/parallel2serial.v">
      <FileInfo>
        <Attr Name="ImportPath" Val="$PPRDIR/../lab2ref/design_sources/auxillary/parallel2serial.v"/>
        <Attr Name="ImportTime" Val="1628266828"/>
        <Attr Name="UsedIn" Val="synthesis"/>
        <Attr Name="UsedIn" Val="implementation"/>
        <Attr Name="UsedIn" Val="simulation"/>
      </FileInfo>
    </File>
    <File Path="$PSRCDIR/sources_1/imports/auxillary/vga.v">
      <FileInfo>
        <Attr Name="ImportPath" Val="$PPRDIR/../lab2ref/design_sources/auxillary/vga.v"/>
        <Attr Name="ImportTime" Val="1616728990"/>
        <Attr Name="UsedIn" Val="synthesis"/>
        <Attr Name="UsedIn" Val="implementation"/>
        <Attr Name="UsedIn" Val="simulation"/>
      </FileInfo>
    </File>
    <File Path="$PSRCDIR/sources_1/imports/auxillary/top.v">
      <FileInfo>
        <Attr Name="ImportPath" Val="$PPRDIR/../lab2ref/design_sources/auxillary/top.v"/>
        <Attr Name="ImportTime" Val="1629990950"/>
        <Attr Name="UsedIn" Val="synthesis"/>
        <Attr Name="UsedIn" Val="implementation"/>
        <Attr Name="UsedIn" Val="simulation"/>
      </FileInfo>
    </File>
    <File Path="$PSRCDIR/sources_1/imports/simulation_sources/core_sim.v">
      <FileInfo>
        <Attr Name="AutoDisabled" Val="1"/>
        <Attr Name="ImportPath" Val="$PPRDIR/../lab2ref/simulation_sources/core_sim.v"/>
        <Attr Name="ImportTime" Val="1725523260"/>
        <Attr Name="UsedIn" Val="synthesis"/>
        <Attr Name="UsedIn" Val="implementation"/>
        <Attr Name="UsedIn" Val="simulation"/>
      </FileInfo>
    </File>
    <Config>
      <Option Name="DesignMode" Val="RTL"/>
      <Option Name="TopModule" Val="top"/>
      <Option Name="TopAutoSet" Val="TRUE"/>
    </Config>
  </FileSet>
  <FileSet Name="constrs_in" Type="Constrs" RelSrcDir="$PSRCDIR/constrs_1" RelGenDir="$PGENDIR/constrs_1">
    <Filter Type="Constrs"/>
    <File Path="$PSRCDIR/constrs_1/imports/constraint_sources/constraint.xdc">
      <FileInfo>
        <Attr Name="ImportPath" Val="$PPRDIR/../lab2ref/constraint_sources/constraint.xdc"/>
        <Attr Name="ImportTime" Val="1628268593"/>
        <Attr Name="UsedIn" Val="synthesis"/>
        <Attr Name="UsedIn" Val="implementation"/>
      </FileInfo>
    </File>
    <Config>
      <Option Name="ConstrsType" Val="XDC"/>
    </Config>
  </FileSet>
  <FileSet Name="utils" Type="Utils" RelSrcDir="$PSRCDIR/utils_1" RelGenDir="$PGENDIR/utils_1">
    <Filter Type="Utils"/>
    <File Path="$PSRCDIR/utils_1/imports/synth_1/top.dcp">
      <FileInfo>
        <Attr Name="UsedIn" Val="synthesis"/>
        <Attr Name="UsedIn" Val="implementation"/>
        <Attr Name="UsedInSteps" Val="synth_1"/>
        <Attr Name="AutoDcp" Val="1"/>
      </FileInfo>
    </File>
    <Config>
      <Option Name="TopAutoSet" Val="TRUE"/>
    </Config>
  </FileSet>
  <Strategy Version="1" Minor="2">
    <StratHandle Name="Vivado Implementation Defaults" Flow="Vivado Implementation 2024"/>
    <Step Id="init_design"/>
    <Step Id="opt_design"/>
    <Step Id="power_opt_design"/>
    <Step Id="place_design"/>
    <Step Id="post_place_power_opt_design"/>
    <Step Id="phys_opt_design"/>
    <Step Id="route_design"/>
    <Step Id="post_route_phys_opt_design"/>
    <Step Id="write_bitstream"/>
  </Strategy>
</GenRun>
